condition,distortion_type,level,mean_snr_db,class_name,map50,map50_95
clean,none,0,,all,0.757,0.5811
clean,none,0,,person,0.772,0.4861
clean,none,0,,bicycle,0.995,0.8955
clean,none,0,,car,0.3888,0.2424
clean,none,0,,motorcycle,0.995,0.6975
clean,none,0,,airplane,0.995,0.8955
clean,none,0,,train,0.995,0.995
clean,none,0,,truck,0.5661,0.448
clean,none,0,,stop sign,0.995,0.597
clean,none,0,,bench,0.726,0.4279
clean,none,0,,bird,0.774,0.5048
clean,none,0,,dog,0.9125,0.7723
clean,none,0,,horse,0.995,0.7455
clean,none,0,,elephant,0.6633,0.3812
clean,none,0,,zebra,0.995,0.995
clean,none,0,,giraffe,0.9506,0.7306
clean,none,0,,umbrella,0.4585,0.3971
clean,none,0,,handbag,0.6617,0.1822
clean,none,0,,skateboard,0.335,0.201
clean,none,0,,bottle,0.3317,0.2985
clean,none,0,,cup,0.3311,0.2147
clean,none,0,,fork,0.5273,0.4649
clean,none,0,,knife,0.8883,0.6212
clean,none,0,,spoon,0.995,0.8955
clean,none,0,,bowl,0.995,0.7524
clean,none,0,,banana,0.1244,0.0379
clean,none,0,,sandwich,0.3317,0.3317
clean,none,0,,orange,0.995,0.6215
clean,none,0,,broccoli,0.995,0.995
clean,none,0,,pizza,0.995,0.796
clean,none,0,,cake,0.9125,0.7885
clean,none,0,,chair,0.5655,0.3145
clean,none,0,,potted plant,0.7539,0.5722
clean,none,0,,bed,0.995,0.796
clean,none,0,,dining table,0.5214,0.3492
clean,none,0,,microwave,0.995,0.8955
clean,none,0,,oven,0.495,0.495
clean,none,0,,sink,0.995,0.6965
clean,none,0,,refrigerator,0.995,0.6965
clean,none,0,,book,0.945,0.5131
clean,none,0,,clock,0.9125,0.7716
clean,none,0,,vase,0.8283,0.795
clean,none,0,,teddy bear,0.199,0.0995
distorted,gaussian_noise,1,22.1,all,0.6192,0.4607
distorted,gaussian_noise,1,22.1,person,0.6653,0.3861
distorted,gaussian_noise,1,22.1,bicycle,0.4975,0.4975
distorted,gaussian_noise,1,22.1,car,0.3332,0.2342
distorted,gaussian_noise,1,22.1,motorcycle,0.995,0.5955
distorted,gaussian_noise,1,22.1,airplane,0.995,0.8955
distorted,gaussian_noise,1,22.1,train,0.995,0.8955
distorted,gaussian_noise,1,22.1,truck,0.4314,0.3555
distorted,gaussian_noise,1,22.1,stop sign,0.995,0.796
distorted,gaussian_noise,1,22.1,bench,0.4014,0.2103
distorted,gaussian_noise,1,22.1,bird,0.4678,0.2494
distorted,gaussian_noise,1,22.1,dog,0.654,0.5484
distorted,gaussian_noise,1,22.1,horse,0.995,0.6455
distorted,gaussian_noise,1,22.1,elephant,0.695,0.4646
distorted,gaussian_noise,1,22.1,zebra,0.995,0.995
distorted,gaussian_noise,1,22.1,giraffe,0.8097,0.5834
distorted,gaussian_noise,1,22.1,umbrella,0.27,0.2525
distorted,gaussian_noise,1,22.1,handbag,0.2761,0.1596
distorted,gaussian_noise,1,22.1,skateboard,0.335,0.1507
distorted,gaussian_noise,1,22.1,bottle,0.3317,0.3317
distorted,gaussian_noise,1,22.1,cup,0.3169,0.1751
distorted,gaussian_noise,1,22.1,fork,0.5476,0.4649
distorted,gaussian_noise,1,22.1,knife,0.7978,0.6135
distorted,gaussian_noise,1,22.1,spoon,0.995,0.8955
distorted,gaussian_noise,1,22.1,bowl,0.945,0.7054
distorted,gaussian_noise,1,22.1,banana,0.1421,0.0569
distorted,gaussian_noise,1,22.1,sandwich,0.1421,0.1137
distorted,gaussian_noise,1,22.1,orange,0.7629,0.4528
distorted,gaussian_noise,1,22.1,broccoli,0.995,0.995
distorted,gaussian_noise,1,22.1,pizza,0.4975,0.398
distorted,gaussian_noise,1,22.1,cake,0.863,0.7143
distorted,gaussian_noise,1,22.1,chair,0.2223,0.1642
distorted,gaussian_noise,1,22.1,potted plant,0.6635,0.4547
distorted,gaussian_noise,1,22.1,bed,0.995,0.597
distorted,gaussian_noise,1,22.1,dining table,0.5244,0.3253
distorted,gaussian_noise,1,22.1,microwave,0.3317,0.2985
distorted,gaussian_noise,1,22.1,oven,0.2475,0.1898
distorted,gaussian_noise,1,22.1,sink,0.4975,0.2101
distorted,gaussian_noise,1,22.1,refrigerator,0.995,0.6965
distorted,gaussian_noise,1,22.1,book,0.895,0.4007
distorted,gaussian_noise,1,22.1,clock,0.83,0.5596
distorted,gaussian_noise,1,22.1,vase,0.6633,0.6217
distorted,gaussian_noise,1,22.1,teddy bear,0.0,0.0
distorted,gaussian_noise,2,16.6,all,0.446,0.3127
distorted,gaussian_noise,2,16.6,person,0.4063,0.2458
distorted,gaussian_noise,2,16.6,bicycle,0.995,0.8955
distorted,gaussian_noise,2,16.6,car,0.2828,0.1545
distorted,gaussian_noise,2,16.6,motorcycle,0.753,0.4699
distorted,gaussian_noise,2,16.6,airplane,0.995,0.8955
distorted,gaussian_noise,2,16.6,train,0.995,0.796
distorted,gaussian_noise,2,16.6,truck,0.4304,0.2619
distorted,gaussian_noise,2,16.6,stop sign,0.1244,0.0721
distorted,gaussian_noise,2,16.6,bench,0.0422,0.0189
distorted,gaussian_noise,2,16.6,bird,0.1887,0.0771
distorted,gaussian_noise,2,16.6,dog,0.775,0.3144
distorted,gaussian_noise,2,16.6,horse,0.995,0.4845
distorted,gaussian_noise,2,16.6,elephant,0.2761,0.0771
distorted,gaussian_noise,2,16.6,zebra,0.995,0.995
distorted,gaussian_noise,2,16.6,giraffe,0.7554,0.5489
distorted,gaussian_noise,2,16.6,umbrella,0.245,0.245
distorted,gaussian_noise,2,16.6,handbag,0.0165,0.0149
distorted,gaussian_noise,2,16.6,skateboard,0.0838,0.0307
distorted,gaussian_noise,2,16.6,bottle,0.3317,0.2985
distorted,gaussian_noise,2,16.6,cup,0.3199,0.1567
distorted,gaussian_noise,2,16.6,fork,0.0619,0.0495
distorted,gaussian_noise,2,16.6,knife,0.3985,0.2942
distorted,gaussian_noise,2,16.6,spoon,0.199,0.1791
distorted,gaussian_noise,2,16.6,bowl,0.77,0.6255
distorted,gaussian_noise,2,16.6,banana,0.0,0.0
distorted,gaussian_noise,2,16.6,sandwich,0.0,0.0
distorted,gaussian_noise,2,16.6,orange,0.5575,0.2874
distorted,gaussian_noise,2,16.6,broccoli,0.995,0.995
distorted,gaussian_noise,2,16.6,pizza,0.995,0.4477
distorted,gaussian_noise,2,16.6,cake,0.5,0.4835
distorted,gaussian_noise,2,16.6,chair,0.1546,0.1136
distorted,gaussian_noise,2,16.6,potted plant,0.5164,0.2944
distorted,gaussian_noise,2,16.6,bed,0.3317,0.199
distorted,gaussian_noise,2,16.6,dining table,0.5028,0.2631
distorted,gaussian_noise,2,16.6,microwave,0.0,0.0
distorted,gaussian_noise,2,16.6,oven,0.0495,0.0124
distorted,gaussian_noise,2,16.6,sink,0.2487,0.1244
distorted,gaussian_noise,2,16.6,refrigerator,0.3317,0.199
distorted,gaussian_noise,2,16.6,book,0.2867,0.1649
distorted,gaussian_noise,2,16.6,clock,0.83,0.501
distorted,gaussian_noise,2,16.6,vase,0.995,0.8455
distorted,gaussian_noise,2,16.6,teddy bear,0.0,0.0
distorted,gaussian_noise,3,12.62,all,0.2538,0.1623
distorted,gaussian_noise,3,12.62,person,0.2226,0.1425
distorted,gaussian_noise,3,12.62,bicycle,0.1244,0.0373
distorted,gaussian_noise,3,12.62,car,0.0849,0.0612
distorted,gaussian_noise,3,12.62,motorcycle,0.555,0.355
distorted,gaussian_noise,3,12.62,airplane,0.995,0.597
distorted,gaussian_noise,3,12.62,train,0.4975,0.1492
distorted,gaussian_noise,3,12.62,truck,0.0862,0.019
distorted,gaussian_noise,3,12.62,stop sign,0.0,0.0
distorted,gaussian_noise,3,12.62,bench,0.0008,0.0003
distorted,gaussian_noise,3,12.62,bird,0.088,0.034
distorted,gaussian_noise,3,12.62,dog,0.0475,0.0212
distorted,gaussian_noise,3,12.62,horse,0.995,0.3967
distorted,gaussian_noise,3,12.62,elephant,0.0619,0.0248
distorted,gaussian_noise,3,12.62,zebra,0.995,0.995
distorted,gaussian_noise,3,12.62,giraffe,0.4395,0.2792
distorted,gaussian_noise,3,12.62,umbrella,0.245,0.196
distorted,gaussian_noise,3,12.62,handbag,0.0077,0.0031
distorted,gaussian_noise,3,12.62,skateboard,0.0,0.0
distorted,gaussian_noise,3,12.62,bottle,0.0,0.0
distorted,gaussian_noise,3,12.62,cup,0.0,0.0
distorted,gaussian_noise,3,12.62,fork,0.0,0.0
distorted,gaussian_noise,3,12.62,knife,0.0,0.0
distorted,gaussian_noise,3,12.62,spoon,0.0,0.0
distorted,gaussian_noise,3,12.62,bowl,0.645,0.535
distorted,gaussian_noise,3,12.62,banana,0.0,0.0
distorted,gaussian_noise,3,12.62,sandwich,0.0321,0.0096
distorted,gaussian_noise,3,12.62,orange,0.33,0.1895
distorted,gaussian_noise,3,12.62,broccoli,0.995,0.995
distorted,gaussian_noise,3,12.62,pizza,0.995,0.2985
distorted,gaussian_noise,3,12.62,cake,0.665,0.5985
distorted,gaussian_noise,3,12.62,chair,0.0346,0.0267
distorted,gaussian_noise,3,12.62,potted plant,0.0,0.0
distorted,gaussian_noise,3,12.62,bed,0.0905,0.0633
distorted,gaussian_noise,3,12.62,dining table,0.2692,0.1239
distorted,gaussian_noise,3,12.62,microwave,0.0,0.0
distorted,gaussian_noise,3,12.62,oven,0.0495,0.0241
distorted,gaussian_noise,3,12.62,sink,0.0995,0.0422
distorted,gaussian_noise,3,12.62,refrigerator,0.3317,0.1658
distorted,gaussian_noise,3,12.62,book,0.1225,0.098
distorted,gaussian_noise,3,12.62,clock,0.555,0.334
distorted,gaussian_noise,3,12.62,vase,0.0,0.0
distorted,gaussian_noise,3,12.62,teddy bear,0.0,0.0
distorted,gaussian_noise,4,9.7,all,0.0839,0.0623
distorted,gaussian_noise,4,9.7,person,0.0888,0.0529
distorted,gaussian_noise,4,9.7,bicycle,0.0,0.0
distorted,gaussian_noise,4,9.7,car,0.0221,0.012
distorted,gaussian_noise,4,9.7,motorcycle,0.0,0.0
distorted,gaussian_noise,4,9.7,airplane,0.0,0.0
distorted,gaussian_noise,4,9.7,train,0.0995,0.051
distorted,gaussian_noise,4,9.7,truck,0.0,0.0
distorted,gaussian_noise,4,9.7,stop sign,0.0,0.0
distorted,gaussian_noise,4,9.7,bench,0.0,0.0
distorted,gaussian_noise,4,9.7,bird,0.0156,0.0033
distorted,gaussian_noise,4,9.7,dog,0.0057,0.0017
distorted,gaussian_noise,4,9.7,horse,0.5538,0.2153
distorted,gaussian_noise,4,9.7,elephant,0.0413,0.0074
distorted,gaussian_noise,4,9.7,zebra,0.995,0.995
distorted,gaussian_noise,4,9.7,giraffe,0.0888,0.0383
distorted,gaussian_noise,4,9.7,umbrella,0.245,0.147
distorted,gaussian_noise,4,9.7,handbag,0.0,0.0
distorted,gaussian_noise,4,9.7,skateboard,0.0,0.0
distorted,gaussian_noise,4,9.7,bottle,0.0,0.0
distorted,gaussian_noise,4,9.7,cup,0.0,0.0
distorted,gaussian_noise,4,9.7,fork,0.0,0.0
distorted,gaussian_noise,4,9.7,knife,0.0,0.0
distorted,gaussian_noise,4,9.7,spoon,0.0,0.0
distorted,gaussian_noise,4,9.7,bowl,0.525,0.3115
distorted,gaussian_noise,4,9.7,banana,0.0,0.0
distorted,gaussian_noise,4,9.7,sandwich,0.0,0.0
distorted,gaussian_noise,4,9.7,orange,0.0,0.0
distorted,gaussian_noise,4,9.7,broccoli,0.4975,0.4975
distorted,gaussian_noise,4,9.7,pizza,0.0,0.0
distorted,gaussian_noise,4,9.7,cake,0.206,0.1854
distorted,gaussian_noise,4,9.7,chair,0.0413,0.0248
distorted,gaussian_noise,4,9.7,potted plant,0.0,0.0
distorted,gaussian_noise,4,9.7,bed,0.0243,0.017
distorted,gaussian_noise,4,9.7,dining table,0.0112,0.0059
distorted,gaussian_noise,4,9.7,microwave,0.0,0.0
distorted,gaussian_noise,4,9.7,oven,0.0,0.0
distorted,gaussian_noise,4,9.7,sink,0.0,0.0
distorted,gaussian_noise,4,9.7,refrigerator,0.0,0.0
distorted,gaussian_noise,4,9.7,book,0.0612,0.049
distorted,gaussian_noise,4,9.7,clock,0.0,0.0
distorted,gaussian_noise,4,9.7,vase,0.0,0.0
distorted,gaussian_noise,4,9.7,teddy bear,0.0,0.0
distorted,salt_pepper,1,16.77,all,0.5304,0.4009
distorted,salt_pepper,1,16.77,person,0.6407,0.3521
distorted,salt_pepper,1,16.77,bicycle,0.995,0.8955
distorted,salt_pepper,1,16.77,car,0.2781,0.1973
distorted,salt_pepper,1,16.77,motorcycle,0.83,0.615
distorted,salt_pepper,1,16.77,airplane,0.995,0.8955
distorted,salt_pepper,1,16.77,train,0.995,0.8955
distorted,salt_pepper,1,16.77,truck,0.495,0.371
distorted,salt_pepper,1,16.77,stop sign,0.0663,0.0332
distorted,salt_pepper,1,16.77,bench,0.4309,0.2257
distorted,salt_pepper,1,16.77,bird,0.0193,0.0074
distorted,salt_pepper,1,16.77,dog,0.272,0.1915
distorted,salt_pepper,1,16.77,horse,0.995,0.6728
distorted,salt_pepper,1,16.77,elephant,0.8283,0.3798
distorted,salt_pepper,1,16.77,zebra,0.995,0.995
distorted,salt_pepper,1,16.77,giraffe,0.8373,0.6324
distorted,salt_pepper,1,16.77,umbrella,0.345,0.2905
distorted,salt_pepper,1,16.77,handbag,0.2745,0.2309
distorted,salt_pepper,1,16.77,skateboard,0.0146,0.0081
distorted,salt_pepper,1,16.77,bottle,0.4975,0.4975
distorted,salt_pepper,1,16.77,cup,0.3411,0.1929
distorted,salt_pepper,1,16.77,fork,0.495,0.4455
distorted,salt_pepper,1,16.77,knife,0.7908,0.5486
distorted,salt_pepper,1,16.77,spoon,0.995,0.8955
distorted,salt_pepper,1,16.77,bowl,0.9117,0.6933
distorted,salt_pepper,1,16.77,banana,0.0355,0.0101
distorted,salt_pepper,1,16.77,sandwich,0.1658,0.1492
distorted,salt_pepper,1,16.77,orange,0.2312,0.1292
distorted,salt_pepper,1,16.77,broccoli,0.995,0.995
distorted,salt_pepper,1,16.77,pizza,0.995,0.4975
distorted,salt_pepper,1,16.77,cake,0.863,0.7046
distorted,salt_pepper,1,16.77,chair,0.128,0.0923
distorted,salt_pepper,1,16.77,potted plant,0.5538,0.2751
distorted,salt_pepper,1,16.77,bed,0.3317,0.2322
distorted,salt_pepper,1,16.77,dining table,0.4508,0.2907
distorted,salt_pepper,1,16.77,microwave,0.0,0.0
distorted,salt_pepper,1,16.77,oven,0.495,0.297
distorted,salt_pepper,1,16.77,sink,0.0,0.0
distorted,salt_pepper,1,16.77,refrigerator,0.4975,0.3483
distorted,salt_pepper,1,16.77,book,0.2905,0.2677
distorted,salt_pepper,1,16.77,clock,0.9125,0.542
distorted,salt_pepper,1,16.77,vase,0.995,0.8455
distorted,salt_pepper,1,16.77,teddy bear,0.0,0.0
distorted,salt_pepper,2,12.78,all,0.377,0.2767
distorted,salt_pepper,2,12.78,person,0.4773,0.2292
distorted,salt_pepper,2,12.78,bicycle,0.995,0.8955
distorted,salt_pepper,2,12.78,car,0.3068,0.2019
distorted,salt_pepper,2,12.78,motorcycle,0.995,0.6645
distorted,salt_pepper,2,12.78,airplane,0.995,0.8955
distorted,salt_pepper,2,12.78,train,0.995,0.597
distorted,salt_pepper,2,12.78,truck,0.27,0.1325
distorted,salt_pepper,2,12.78,stop sign,0.0,0.0
distorted,salt_pepper,2,12.78,bench,0.0236,0.0189
distorted,salt_pepper,2,12.78,bird,0.0431,0.0348
distorted,salt_pepper,2,12.78,dog,0.3625,0.2141
distorted,salt_pepper,2,12.78,horse,0.995,0.4475
distorted,salt_pepper,2,12.78,elephant,0.0413,0.0041
distorted,salt_pepper,2,12.78,zebra,0.995,0.995
distorted,salt_pepper,2,12.78,giraffe,0.7127,0.453
distorted,salt_pepper,2,12.78,umbrella,0.245,0.2205
distorted,salt_pepper,2,12.78,handbag,0.0309,0.0278
distorted,salt_pepper,2,12.78,skateboard,0.0335,0.01
distorted,salt_pepper,2,12.78,bottle,0.3317,0.2985
distorted,salt_pepper,2,12.78,cup,0.1462,0.088
distorted,salt_pepper,2,12.78,fork,0.0825,0.066
distorted,salt_pepper,2,12.78,knife,0.195,0.127
distorted,salt_pepper,2,12.78,spoon,0.199,0.199
distorted,salt_pepper,2,12.78,bowl,0.7629,0.5761
distorted,salt_pepper,2,12.78,banana,0.0498,0.0199
distorted,salt_pepper,2,12.78,sandwich,0.0622,0.0435
distorted,salt_pepper,2,12.78,orange,0.049,0.0245
distorted,salt_pepper,2,12.78,broccoli,0.995,0.995
distorted,salt_pepper,2,12.78,pizza,0.995,0.4975
distorted,salt_pepper,2,12.78,cake,0.4158,0.4017
distorted,salt_pepper,2,12.78,chair,0.0458,0.0366
distorted,salt_pepper,2,12.78,potted plant,0.5173,0.352
distorted,salt_pepper,2,12.78,bed,0.1658,0.0995
distorted,salt_pepper,2,12.78,dining table,0.3187,0.2021
distorted,salt_pepper,2,12.78,microwave,0.0,0.0
distorted,salt_pepper,2,12.78,oven,0.0825,0.0165
distorted,salt_pepper,2,12.78,sink,0.0,0.0
distorted,salt_pepper,2,12.78,refrigerator,0.4975,0.3483
distorted,salt_pepper,2,12.78,book,0.1225,0.0735
distorted,salt_pepper,2,12.78,clock,0.59,0.4785
distorted,salt_pepper,2,12.78,vase,0.695,0.6354
distorted,salt_pepper,2,12.78,teddy bear,0.0,0.0
distorted,salt_pepper,3,7.97,all,0.14,0.0961
distorted,salt_pepper,3,7.97,person,0.1242,0.044
distorted,salt_pepper,3,7.97,bicycle,0.0,0.0
distorted,salt_pepper,3,7.97,car,0.1489,0.1169
distorted,salt_pepper,3,7.97,motorcycle,0.3544,0.2126
distorted,salt_pepper,3,7.97,airplane,0.1658,0.0663
distorted,salt_pepper,3,7.97,train,0.995,0.6965
distorted,salt_pepper,3,7.97,truck,0.255,0.0745
distorted,salt_pepper,3,7.97,stop sign,0.0,0.0
distorted,salt_pepper,3,7.97,bench,0.0061,0.0037
distorted,salt_pepper,3,7.97,bird,0.006,0.0043
distorted,salt_pepper,3,7.97,dog,0.0176,0.0088
distorted,salt_pepper,3,7.97,horse,0.1295,0.0718
distorted,salt_pepper,3,7.97,elephant,0.0206,0.0041
distorted,salt_pepper,3,7.97,zebra,0.995,0.995
distorted,salt_pepper,3,7.97,giraffe,0.3927,0.2223
distorted,salt_pepper,3,7.97,umbrella,0.245,0.1485
distorted,salt_pepper,3,7.97,handbag,0.0,0.0
distorted,salt_pepper,3,7.97,skateboard,0.0,0.0
distorted,salt_pepper,3,7.97,bottle,0.1106,0.0995
distorted,salt_pepper,3,7.97,cup,0.0,0.0
distorted,salt_pepper,3,7.97,fork,0.0,0.0
distorted,salt_pepper,3,7.97,knife,0.0625,0.0563
distorted,salt_pepper,3,7.97,spoon,0.0,0.0
distorted,salt_pepper,3,7.97,bowl,0.5527,0.2277
distorted,salt_pepper,3,7.97,banana,0.1658,0.0498
distorted,salt_pepper,3,7.97,sandwich,0.0,0.0
distorted,salt_pepper,3,7.97,orange,0.0,0.0
distorted,salt_pepper,3,7.97,broccoli,0.4975,0.4975
distorted,salt_pepper,3,7.97,pizza,0.0,0.0
distorted,salt_pepper,3,7.97,cake,0.1675,0.1507
distorted,salt_pepper,3,7.97,chair,0.011,0.0088
distorted,salt_pepper,3,7.97,potted plant,0.245,0.147
distorted,salt_pepper,3,7.97,bed,0.0622,0.0373
distorted,salt_pepper,3,7.97,dining table,0.0633,0.0452
distorted,salt_pepper,3,7.97,microwave,0.0,0.0
distorted,salt_pepper,3,7.97,oven,0.0206,0.0062
distorted,salt_pepper,3,7.97,sink,0.0,0.0
distorted,salt_pepper,3,7.97,refrigerator,0.0,0.0
distorted,salt_pepper,3,7.97,book,0.0,0.0
distorted,salt_pepper,3,7.97,clock,0.067,0.0402
distorted,salt_pepper,3,7.97,vase,0.0,0.0
distorted,salt_pepper,3,7.97,teddy bear,0.0,0.0
distorted,salt_pepper,4,4.9,all,0.0649,0.0435
distorted,salt_pepper,4,4.9,person,0.0355,0.012
distorted,salt_pepper,4,4.9,bicycle,0.0,0.0
distorted,salt_pepper,4,4.9,car,0.0,0.0
distorted,salt_pepper,4,4.9,motorcycle,0.0,0.0
distorted,salt_pepper,4,4.9,airplane,0.0,0.0
distorted,salt_pepper,4,4.9,train,0.199,0.0398
distorted,salt_pepper,4,4.9,truck,0.0,0.0
distorted,salt_pepper,4,4.9,stop sign,0.0,0.0
distorted,salt_pepper,4,4.9,bench,0.0,0.0
distorted,salt_pepper,4,4.9,bird,0.0008,0.0005
distorted,salt_pepper,4,4.9,dog,0.0,0.0
distorted,salt_pepper,4,4.9,horse,0.2475,0.099
distorted,salt_pepper,4,4.9,elephant,0.099,0.0099
distorted,salt_pepper,4,4.9,zebra,0.995,0.8955
distorted,salt_pepper,4,4.9,giraffe,0.0731,0.0288
distorted,salt_pepper,4,4.9,umbrella,0.1225,0.0626
distorted,salt_pepper,4,4.9,handbag,0.0,0.0
distorted,salt_pepper,4,4.9,skateboard,0.0,0.0
distorted,salt_pepper,4,4.9,bottle,0.0,0.0
distorted,salt_pepper,4,4.9,cup,0.0,0.0
distorted,salt_pepper,4,4.9,fork,0.0,0.0
distorted,salt_pepper,4,4.9,knife,0.0,0.0
distorted,salt_pepper,4,4.9,spoon,0.0,0.0
distorted,salt_pepper,4,4.9,bowl,0.245,0.049
distorted,salt_pepper,4,4.9,banana,0.0,0.0
distorted,salt_pepper,4,4.9,sandwich,0.0,0.0
distorted,salt_pepper,4,4.9,orange,0.0,0.0
distorted,salt_pepper,4,4.9,broccoli,0.4975,0.4477
distorted,salt_pepper,4,4.9,pizza,0.0,0.0
distorted,salt_pepper,4,4.9,cake,0.1989,0.179
distorted,salt_pepper,4,4.9,chair,0.0036,0.0029
distorted,salt_pepper,4,4.9,potted plant,0.0,0.0
distorted,salt_pepper,4,4.9,bed,0.0,0.0
distorted,salt_pepper,4,4.9,dining table,0.0104,0.0021
distorted,salt_pepper,4,4.9,microwave,0.0,0.0
distorted,salt_pepper,4,4.9,oven,0.0,0.0
distorted,salt_pepper,4,4.9,sink,0.0,0.0
distorted,salt_pepper,4,4.9,refrigerator,0.0,0.0
distorted,salt_pepper,4,4.9,book,0.0,0.0
distorted,salt_pepper,4,4.9,clock,0.0,0.0
distorted,salt_pepper,4,4.9,vase,0.0,0.0
distorted,salt_pepper,4,4.9,teddy bear,0.0,0.0
distorted,low_light,1,12.11,all,0.7562,0.5841
distorted,low_light,1,12.11,person,0.7871,0.4866
distorted,low_light,1,12.11,bicycle,0.995,0.8955
distorted,low_light,1,12.11,car,0.4007,0.2157
distorted,low_light,1,12.11,motorcycle,0.9125,0.6233
distorted,low_light,1,12.11,airplane,0.995,0.8955
distorted,low_light,1,12.11,train,0.995,0.995
distorted,low_light,1,12.11,truck,0.5632,0.3799
distorted,low_light,1,12.11,stop sign,0.995,0.597
distorted,low_light,1,12.11,bench,0.72,0.4376
distorted,low_light,1,12.11,bird,0.8686,0.5935
distorted,low_light,1,12.11,dog,0.863,0.7046
distorted,low_light,1,12.11,horse,0.995,0.646
distorted,low_light,1,12.11,elephant,0.8283,0.496
distorted,low_light,1,12.11,zebra,0.995,0.995
distorted,low_light,1,12.11,giraffe,0.9506,0.6873
distorted,low_light,1,12.11,umbrella,0.4558,0.3865
distorted,low_light,1,12.11,handbag,0.3586,0.1298
distorted,low_light,1,12.11,skateboard,0.335,0.201
distorted,low_light,1,12.11,bottle,0.3317,0.2985
distorted,low_light,1,12.11,cup,0.272,0.1836
distorted,low_light,1,12.11,fork,0.5538,0.5009
distorted,low_light,1,12.11,knife,0.886,0.6122
distorted,low_light,1,12.11,spoon,0.995,0.8955
distorted,low_light,1,12.11,bowl,0.995,0.7788
distorted,low_light,1,12.11,banana,0.1106,0.0401
distorted,low_light,1,12.11,sandwich,0.4975,0.4975
distorted,low_light,1,12.11,orange,0.945,0.615
distorted,low_light,1,12.11,broccoli,0.995,0.995
distorted,low_light,1,12.11,pizza,0.995,0.796
distorted,low_light,1,12.11,cake,0.995,0.8463
distorted,low_light,1,12.11,chair,0.4604,0.3048
distorted,low_light,1,12.11,potted plant,0.8219,0.6111
distorted,low_light,1,12.11,bed,0.995,0.796
distorted,low_light,1,12.11,dining table,0.5173,0.3605
distorted,low_light,1,12.11,microwave,0.995,0.8955
distorted,low_light,1,12.11,oven,0.495,0.495
distorted,low_light,1,12.11,sink,0.995,0.6965
distorted,low_light,1,12.11,refrigerator,0.995,0.6965
distorted,low_light,1,12.11,book,0.9117,0.5386
distorted,low_light,1,12.11,clock,0.995,0.8515
distorted,low_light,1,12.11,vase,0.8283,0.795
distorted,low_light,1,12.11,teddy bear,0.1658,0.0663
distorted,low_light,2,7.56,all,0.7228,0.5613
distorted,low_light,2,7.56,person,0.7497,0.4658
distorted,low_light,2,7.56,bicycle,0.995,0.8955
distorted,low_light,2,7.56,car,0.355,0.222
distorted,low_light,2,7.56,motorcycle,0.995,0.7195
distorted,low_light,2,7.56,airplane,0.995,0.8955
distorted,low_light,2,7.56,train,0.995,0.995
distorted,low_light,2,7.56,truck,0.495,0.4205
distorted,low_light,2,7.56,stop sign,0.995,0.8955
distorted,low_light,2,7.56,bench,0.6633,0.4387
distorted,low_light,2,7.56,bird,0.8517,0.5396
distorted,low_light,2,7.56,dog,0.9125,0.7723
distorted,low_light,2,7.56,horse,0.995,0.6741
distorted,low_light,2,7.56,elephant,0.995,0.4793
distorted,low_light,2,7.56,zebra,0.995,0.995
distorted,low_light,2,7.56,giraffe,0.9435,0.7293
distorted,low_light,2,7.56,umbrella,0.495,0.3488
distorted,low_light,2,7.56,handbag,0.2211,0.0654
distorted,low_light,2,7.56,skateboard,0.335,0.1675
distorted,low_light,2,7.56,bottle,0.3317,0.3317
distorted,low_light,2,7.56,cup,0.2699,0.1672
distorted,low_light,2,7.56,fork,0.5262,0.5012
distorted,low_light,2,7.56,knife,0.8588,0.6419
distorted,low_light,2,7.56,spoon,0.995,0.8955
distorted,low_light,2,7.56,bowl,0.995,0.8203
distorted,low_light,2,7.56,banana,0.0995,0.0393
distorted,low_light,2,7.56,sandwich,0.3317,0.2985
distorted,low_light,2,7.56,orange,0.8492,0.4947
distorted,low_light,2,7.56,broccoli,0.995,0.995
distorted,low_light,2,7.56,pizza,0.995,0.796
distorted,low_light,2,7.56,cake,0.995,0.8793
distorted,low_light,2,7.56,chair,0.443,0.3001
distorted,low_light,2,7.56,potted plant,0.7825,0.5595
distorted,low_light,2,7.56,bed,0.995,0.796
distorted,low_light,2,7.56,dining table,0.5345,0.3803
distorted,low_light,2,7.56,microwave,0.0,0.0
distorted,low_light,2,7.56,oven,0.495,0.495
distorted,low_light,2,7.56,sink,0.995,0.6965
distorted,low_light,2,7.56,refrigerator,0.995,0.6965
distorted,low_light,2,7.56,book,0.87,0.437
distorted,low_light,2,7.56,clock,0.995,0.8183
distorted,low_light,2,7.56,vase,0.8283,0.795
distorted,low_light,2,7.56,teddy bear,0.199,0.0199
distorted,low_light,3,4.18,all,0.644,0.4881
distorted,low_light,3,4.18,person,0.7147,0.4655
distorted,low_light,3,4.18,bicycle,0.995,0.8955
distorted,low_light,3,4.18,car,0.2892,0.1853
distorted,low_light,3,4.18,motorcycle,0.8064,0.5226
distorted,low_light,3,4.18,airplane,0.995,0.8955
distorted,low_light,3,4.18,train,0.995,0.995
distorted,low_light,3,4.18,truck,0.345,0.2152
distorted,low_light,3,4.18,stop sign,0.995,0.8955
distorted,low_light,3,4.18,bench,0.4832,0.3555
distorted,low_light,3,4.18,bird,0.7566,0.4039
distorted,low_light,3,4.18,dog,0.83,0.6485
distorted,low_light,3,4.18,horse,0.995,0.745
distorted,low_light,3,4.18,elephant,0.8283,0.3903
distorted,low_light,3,4.18,zebra,0.995,0.995
distorted,low_light,3,4.18,giraffe,0.8346,0.5294
distorted,low_light,3,4.18,umbrella,0.2744,0.247
distorted,low_light,3,4.18,handbag,0.0075,0.006
distorted,low_light,3,4.18,skateboard,0.1117,0.0625
distorted,low_light,3,4.18,bottle,0.3317,0.2985
distorted,low_light,3,4.18,cup,0.1726,0.1114
distorted,low_light,3,4.18,fork,0.5617,0.4522
distorted,low_light,3,4.18,knife,0.7956,0.6006
distorted,low_light,3,4.18,spoon,0.995,0.796
distorted,low_light,3,4.18,bowl,0.995,0.7953
distorted,low_light,3,4.18,banana,0.0905,0.0488
distorted,low_light,3,4.18,sandwich,0.2487,0.1492
distorted,low_light,3,4.18,orange,0.661,0.4872
distorted,low_light,3,4.18,broccoli,0.995,0.995
distorted,low_light,3,4.18,pizza,0.995,0.398
distorted,low_light,3,4.18,cake,0.71,0.6255
distorted,low_light,3,4.18,chair,0.3687,0.2743
distorted,low_light,3,4.18,potted plant,0.6791,0.4828
distorted,low_light,3,4.18,bed,0.995,0.6965
distorted,low_light,3,4.18,dining table,0.3836,0.2762
distorted,low_light,3,4.18,microwave,0.0,0.0
distorted,low_light,3,4.18,oven,0.2475,0.2475
distorted,low_light,3,4.18,sink,0.995,0.6965
distorted,low_light,3,4.18,refrigerator,0.995,0.6965
distorted,low_light,3,4.18,book,0.7561,0.3674
distorted,low_light,3,4.18,clock,0.995,0.8072
distorted,low_light,3,4.18,vase,0.8283,0.7455
distorted,low_light,3,4.18,teddy bear,0.0,0.0
distorted,low_light,4,1.95,all,0.4518,0.3295
distorted,low_light,4,1.95,person,0.5366,0.2975
distorted,low_light,4,1.95,bicycle,0.995,0.8955
distorted,low_light,4,1.95,car,0.3037,0.1575
distorted,low_light,4,1.95,motorcycle,0.7269,0.4722
distorted,low_light,4,1.95,airplane,0.995,0.8955
distorted,low_light,4,1.95,train,0.995,0.8955
distorted,low_light,4,1.95,truck,0.3075,0.1167
distorted,low_light,4,1.95,stop sign,0.0,0.0
distorted,low_light,4,1.95,bench,0.2761,0.1854
distorted,low_light,4,1.95,bird,0.127,0.0378
distorted,low_light,4,1.95,dog,0.61,0.489
distorted,low_light,4,1.95,horse,0.995,0.3124
distorted,low_light,4,1.95,elephant,0.033,0.0066
distorted,low_light,4,1.95,zebra,0.995,0.995
distorted,low_light,4,1.95,giraffe,0.5244,0.3381
distorted,low_light,4,1.95,umbrella,0.245,0.2205
distorted,low_light,4,1.95,handbag,0.0,0.0
distorted,low_light,4,1.95,skateboard,0.0558,0.0407
distorted,low_light,4,1.95,bottle,0.4975,0.4975
distorted,low_light,4,1.95,cup,0.0362,0.0181
distorted,low_light,4,1.95,fork,0.495,0.4455
distorted,low_light,4,1.95,knife,0.6833,0.4988
distorted,low_light,4,1.95,spoon,0.0,0.0
distorted,low_light,4,1.95,bowl,0.7016,0.5237
distorted,low_light,4,1.95,banana,0.0905,0.0271
distorted,low_light,4,1.95,sandwich,0.1658,0.1327
distorted,low_light,4,1.95,orange,0.0907,0.0544
distorted,low_light,4,1.95,broccoli,0.995,0.995
distorted,low_light,4,1.95,pizza,0.0,0.0
distorted,low_light,4,1.95,cake,0.401,0.3609
distorted,low_light,4,1.95,chair,0.1683,0.1107
distorted,low_light,4,1.95,potted plant,0.4585,0.2526
distorted,low_light,4,1.95,bed,0.995,0.597
distorted,low_light,4,1.95,dining table,0.4818,0.2985
distorted,low_light,4,1.95,microwave,0.0,0.0
distorted,low_light,4,1.95,oven,0.2475,0.2475
distorted,low_light,4,1.95,sink,0.995,0.597
distorted,low_light,4,1.95,refrigerator,0.995,0.6965
distorted,low_light,4,1.95,book,0.4474,0.2293
distorted,low_light,4,1.95,clock,0.9125,0.5723
distorted,low_light,4,1.95,vase,0.398,0.3283
distorted,low_light,4,1.95,teddy bear,0.0,0.0
distorted,motion_blur,1,18.7,all,0.5649,0.4095
distorted,motion_blur,1,18.7,person,0.5174,0.3443
distorted,motion_blur,1,18.7,bicycle,0.995,0.8955
distorted,motion_blur,1,18.7,car,0.1808,0.1388
distorted,motion_blur,1,18.7,motorcycle,0.7171,0.4973
distorted,motion_blur,1,18.7,airplane,0.995,0.995
distorted,motion_blur,1,18.7,train,0.995,0.6965
distorted,motion_blur,1,18.7,truck,0.198,0.0928
distorted,motion_blur,1,18.7,stop sign,0.4975,0.2487
distorted,motion_blur,1,18.7,bench,0.0597,0.0294
distorted,motion_blur,1,18.7,bird,0.319,0.1775
distorted,motion_blur,1,18.7,dog,0.4175,0.4093
distorted,motion_blur,1,18.7,horse,0.8283,0.3161
distorted,motion_blur,1,18.7,elephant,0.1237,0.0407
distorted,motion_blur,1,18.7,zebra,0.995,0.995
distorted,motion_blur,1,18.7,giraffe,0.6317,0.3267
distorted,motion_blur,1,18.7,umbrella,0.2658,0.2372
distorted,motion_blur,1,18.7,handbag,0.2475,0.0248
distorted,motion_blur,1,18.7,skateboard,0.1675,0.0838
distorted,motion_blur,1,18.7,bottle,0.4975,0.4477
distorted,motion_blur,1,18.7,cup,0.1117,0.0883
distorted,motion_blur,1,18.7,fork,0.5617,0.4922
distorted,motion_blur,1,18.7,knife,0.7666,0.5572
distorted,motion_blur,1,18.7,spoon,0.995,0.8955
distorted,motion_blur,1,18.7,bowl,0.945,0.7405
distorted,motion_blur,1,18.7,banana,0.2487,0.0697
distorted,motion_blur,1,18.7,sandwich,0.4975,0.4975
distorted,motion_blur,1,18.7,orange,0.58,0.3394
distorted,motion_blur,1,18.7,broccoli,0.995,0.995
distorted,motion_blur,1,18.7,pizza,0.1658,0.0498
distorted,motion_blur,1,18.7,cake,0.775,0.7033
distorted,motion_blur,1,18.7,chair,0.4123,0.2638
distorted,motion_blur,1,18.7,potted plant,0.4277,0.2574
distorted,motion_blur,1,18.7,bed,0.995,0.6965
distorted,motion_blur,1,18.7,dining table,0.4097,0.2947
distorted,motion_blur,1,18.7,microwave,0.995,0.398
distorted,motion_blur,1,18.7,oven,0.495,0.495
distorted,motion_blur,1,18.7,sink,0.995,0.597
distorted,motion_blur,1,18.7,refrigerator,0.995,0.6965
distorted,motion_blur,1,18.7,book,0.5711,0.2966
distorted,motion_blur,1,18.7,clock,0.9125,0.639
distorted,motion_blur,1,18.7,vase,0.1374,0.1103
distorted,motion_blur,1,18.7,teddy bear,0.0905,0.0271
distorted,motion_blur,2,15.78,all,0.3276,0.2128
distorted,motion_blur,2,15.78,person,0.328,0.2023
distorted,motion_blur,2,15.78,bicycle,0.4975,0.398
distorted,motion_blur,2,15.78,car,0.0774,0.0523
distorted,motion_blur,2,15.78,motorcycle,0.3446,0.3398
distorted,motion_blur,2,15.78,airplane,0.995,0.8955
distorted,motion_blur,2,15.78,train,0.995,0.1379
distorted,motion_blur,2,15.78,truck,0.0,0.0
distorted,motion_blur,2,15.78,stop sign,0.0,0.0
distorted,motion_blur,2,15.78,bench,0.0,0.0
distorted,motion_blur,2,15.78,bird,0.3124,0.2158
distorted,motion_blur,2,15.78,dog,0.0168,0.0117
distorted,motion_blur,2,15.78,horse,0.745,0.3104
distorted,motion_blur,2,15.78,elephant,0.1237,0.0124
distorted,motion_blur,2,15.78,zebra,0.995,0.995
distorted,motion_blur,2,15.78,giraffe,0.4063,0.1704
distorted,motion_blur,2,15.78,umbrella,0.245,0.2205
distorted,motion_blur,2,15.78,handbag,0.0,0.0
distorted,motion_blur,2,15.78,skateboard,0.0,0.0
distorted,motion_blur,2,15.78,bottle,0.995,0.8955
distorted,motion_blur,2,15.78,cup,0.065,0.039
distorted,motion_blur,2,15.78,fork,0.495,0.396
distorted,motion_blur,2,15.78,knife,0.145,0.081
distorted,motion_blur,2,15.78,spoon,0.4975,0.398
distorted,motion_blur,2,15.78,bowl,0.6021,0.4879
distorted,motion_blur,2,15.78,banana,0.1421,0.064
distorted,motion_blur,2,15.78,sandwich,0.4975,0.398
distorted,motion_blur,2,15.78,orange,0.53,0.1974
distorted,motion_blur,2,15.78,broccoli,0.995,0.2587
distorted,motion_blur,2,15.78,pizza,0.199,0.1393
distorted,motion_blur,2,15.78,cake,0.335,0.3015
distorted,motion_blur,2,15.78,chair,0.141,0.0912
distorted,motion_blur,2,15.78,potted plant,0.0612,0.0245
distorted,motion_blur,2,15.78,bed,0.199,0.1194
distorted,motion_blur,2,15.78,dining table,0.285,0.193
distorted,motion_blur,2,15.78,microwave,0.0,0.0
distorted,motion_blur,2,15.78,oven,0.165,0.1485
distorted,motion_blur,2,15.78,sink,0.0,0.0
distorted,motion_blur,2,15.78,refrigerator,0.3317,0.199
distorted,motion_blur,2,15.78,book,0.0,0.0
distorted,motion_blur,2,15.78,clock,0.995,0.544
distorted,motion_blur,2,15.78,vase,0.0,0.0
distorted,motion_blur,2,15.78,teddy bear,0.0,0.0
distorted,motion_blur,3,13.83,all,0.1564,0.108
distorted,motion_blur,3,13.83,person,0.1158,0.0756
distorted,motion_blur,3,13.83,bicycle,0.199,0.0995
distorted,motion_blur,3,13.83,car,0.0656,0.0201
distorted,motion_blur,3,13.83,motorcycle,0.0475,0.0249
distorted,motion_blur,3,13.83,airplane,0.995,0.8955
distorted,motion_blur,3,13.83,train,0.0,0.0
distorted,motion_blur,3,13.83,truck,0.0,0.0
distorted,motion_blur,3,13.83,stop sign,0.0,0.0
distorted,motion_blur,3,13.83,bench,0.0,0.0
distorted,motion_blur,3,13.83,bird,0.0441,0.0239
distorted,motion_blur,3,13.83,dog,0.0,0.0
distorted,motion_blur,3,13.83,horse,0.0,0.0
distorted,motion_blur,3,13.83,elephant,0.0,0.0
distorted,motion_blur,3,13.83,zebra,0.995,0.8955
distorted,motion_blur,3,13.83,giraffe,0.3026,0.0701
distorted,motion_blur,3,13.83,umbrella,0.245,0.147
distorted,motion_blur,3,13.83,handbag,0.0,0.0
distorted,motion_blur,3,13.83,skateboard,0.0,0.0
distorted,motion_blur,3,13.83,bottle,0.1658,0.1327
distorted,motion_blur,3,13.83,cup,0.0,0.0
distorted,motion_blur,3,13.83,fork,0.545,0.3615
distorted,motion_blur,3,13.83,knife,0.0,0.0
distorted,motion_blur,3,13.83,spoon,0.0,0.0
distorted,motion_blur,3,13.83,bowl,0.161,0.1146
distorted,motion_blur,3,13.83,banana,0.4975,0.1095
distorted,motion_blur,3,13.83,sandwich,0.995,0.6965
distorted,motion_blur,3,13.83,orange,0.0,0.0
distorted,motion_blur,3,13.83,broccoli,0.0,0.0
distorted,motion_blur,3,13.83,pizza,0.0,0.0
distorted,motion_blur,3,13.83,cake,0.0,0.0
distorted,motion_blur,3,13.83,chair,0.0191,0.0066
distorted,motion_blur,3,13.83,potted plant,0.0272,0.0218
distorted,motion_blur,3,13.83,bed,0.199,0.1393
distorted,motion_blur,3,13.83,dining table,0.305,0.232
distorted,motion_blur,3,13.83,microwave,0.0,0.0
distorted,motion_blur,3,13.83,oven,0.2475,0.1732
distorted,motion_blur,3,13.83,sink,0.0,0.0
distorted,motion_blur,3,13.83,refrigerator,0.1658,0.1327
distorted,motion_blur,3,13.83,book,0.0,0.0
distorted,motion_blur,3,13.83,clock,0.2296,0.1655
distorted,motion_blur,3,13.83,vase,0.0,0.0
distorted,motion_blur,3,13.83,teddy bear,0.0,0.0
distorted,motion_blur,4,12.53,all,0.0914,0.055
distorted,motion_blur,4,12.53,person,0.053,0.0165
distorted,motion_blur,4,12.53,bicycle,0.0355,0.0142
distorted,motion_blur,4,12.53,car,0.0108,0.0034
distorted,motion_blur,4,12.53,motorcycle,0.0479,0.0287
distorted,motion_blur,4,12.53,airplane,0.995,0.796
distorted,motion_blur,4,12.53,train,0.0,0.0
distorted,motion_blur,4,12.53,truck,0.0,0.0
distorted,motion_blur,4,12.53,stop sign,0.0,0.0
distorted,motion_blur,4,12.53,bench,0.0,0.0
distorted,motion_blur,4,12.53,bird,0.0021,0.0004
distorted,motion_blur,4,12.53,dog,0.0,0.0
distorted,motion_blur,4,12.53,horse,0.0,0.0
distorted,motion_blur,4,12.53,elephant,0.0,0.0
distorted,motion_blur,4,12.53,zebra,0.4975,0.4477
distorted,motion_blur,4,12.53,giraffe,0.0244,0.0075
distorted,motion_blur,4,12.53,umbrella,0.245,0.123
distorted,motion_blur,4,12.53,handbag,0.0,0.0
distorted,motion_blur,4,12.53,skateboard,0.0,0.0
distorted,motion_blur,4,12.53,bottle,0.0,0.0
distorted,motion_blur,4,12.53,cup,0.0,0.0
distorted,motion_blur,4,12.53,fork,0.165,0.0759
distorted,motion_blur,4,12.53,knife,0.0,0.0
distorted,motion_blur,4,12.53,spoon,0.0,0.0
distorted,motion_blur,4,12.53,bowl,0.035,0.0315
distorted,motion_blur,4,12.53,banana,0.3317,0.0788
distorted,motion_blur,4,12.53,sandwich,0.995,0.4975
distorted,motion_blur,4,12.53,orange,0.0,0.0
distorted,motion_blur,4,12.53,broccoli,0.0,0.0
distorted,motion_blur,4,12.53,pizza,0.0,0.0
distorted,motion_blur,4,12.53,cake,0.0,0.0
distorted,motion_blur,4,12.53,chair,0.0079,0.0016
distorted,motion_blur,4,12.53,potted plant,0.0,0.0
distorted,motion_blur,4,12.53,bed,0.1244,0.0871
distorted,motion_blur,4,12.53,dining table,0.2217,0.0731
distorted,motion_blur,4,12.53,microwave,0.0,0.0
distorted,motion_blur,4,12.53,oven,0.0,0.0
distorted,motion_blur,4,12.53,sink,0.0,0.0
distorted,motion_blur,4,12.53,refrigerator,0.0,0.0
distorted,motion_blur,4,12.53,book,0.0,0.0
distorted,motion_blur,4,12.53,clock,0.0475,0.0261
distorted,motion_blur,4,12.53,vase,0.0,0.0
distorted,motion_blur,4,12.53,teddy bear,0.0,0.0
enhanced,gaussian_noise,1,20.5,all,0.6712,0.4941
enhanced,gaussian_noise,1,20.5,person,0.6606,0.4285
enhanced,gaussian_noise,1,20.5,bicycle,0.995,0.995
enhanced,gaussian_noise,1,20.5,car,0.2965,0.2188
enhanced,gaussian_noise,1,20.5,motorcycle,0.995,0.6305
enhanced,gaussian_noise,1,20.5,airplane,0.995,0.8955
enhanced,gaussian_noise,1,20.5,train,0.995,0.8955
enhanced,gaussian_noise,1,20.5,truck,0.3908,0.2796
enhanced,gaussian_noise,1,20.5,stop sign,0.995,0.4477
enhanced,gaussian_noise,1,20.5,bench,0.2698,0.2004
enhanced,gaussian_noise,1,20.5,bird,0.6655,0.4042
enhanced,gaussian_noise,1,20.5,dog,0.7357,0.6155
enhanced,gaussian_noise,1,20.5,horse,0.995,0.6455
enhanced,gaussian_noise,1,20.5,elephant,0.745,0.322
enhanced,gaussian_noise,1,20.5,zebra,0.995,0.995
enhanced,gaussian_noise,1,20.5,giraffe,0.893,0.6913
enhanced,gaussian_noise,1,20.5,umbrella,0.3474,0.2743
enhanced,gaussian_noise,1,20.5,handbag,0.1253,0.0203
enhanced,gaussian_noise,1,20.5,skateboard,0.335,0.2345
enhanced,gaussian_noise,1,20.5,bottle,0.3317,0.2985
enhanced,gaussian_noise,1,20.5,cup,0.3071,0.1872
enhanced,gaussian_noise,1,20.5,fork,0.6617,0.5672
enhanced,gaussian_noise,1,20.5,knife,0.875,0.6619
enhanced,gaussian_noise,1,20.5,spoon,0.995,0.8955
enhanced,gaussian_noise,1,20.5,bowl,0.995,0.7766
enhanced,gaussian_noise,1,20.5,banana,0.1244,0.0325
enhanced,gaussian_noise,1,20.5,sandwich,0.199,0.1393
enhanced,gaussian_noise,1,20.5,orange,0.995,0.6877
enhanced,gaussian_noise,1,20.5,broccoli,0.995,0.995
enhanced,gaussian_noise,1,20.5,pizza,0.4975,0.3483
enhanced,gaussian_noise,1,20.5,cake,0.83,0.7032
enhanced,gaussian_noise,1,20.5,chair,0.4903,0.2577
enhanced,gaussian_noise,1,20.5,potted plant,0.7172,0.5001
enhanced,gaussian_noise,1,20.5,bed,0.995,0.6965
enhanced,gaussian_noise,1,20.5,dining table,0.4528,0.316
enhanced,gaussian_noise,1,20.5,microwave,0.995,0.4975
enhanced,gaussian_noise,1,20.5,oven,0.495,0.495
enhanced,gaussian_noise,1,20.5,sink,0.995,0.597
enhanced,gaussian_noise,1,20.5,refrigerator,0.995,0.597
enhanced,gaussian_noise,1,20.5,book,0.6676,0.3348
enhanced,gaussian_noise,1,20.5,clock,0.863,0.7041
enhanced,gaussian_noise,1,20.5,vase,0.29,0.2672
enhanced,gaussian_noise,1,20.5,teddy bear,0.0,0.0
enhanced,gaussian_noise,2,19.24,all,0.5382,0.3834
enhanced,gaussian_noise,2,19.24,person,0.5456,0.3189
enhanced,gaussian_noise,2,19.24,bicycle,0.995,0.8955
enhanced,gaussian_noise,2,19.24,car,0.2828,0.2071
enhanced,gaussian_noise,2,19.24,motorcycle,0.995,0.553
enhanced,gaussian_noise,2,19.24,airplane,0.995,0.995
enhanced,gaussian_noise,2,19.24,train,0.995,0.8955
enhanced,gaussian_noise,2,19.24,truck,0.37,0.1975
enhanced,gaussian_noise,2,19.24,stop sign,0.3317,0.0663
enhanced,gaussian_noise,2,19.24,bench,0.0959,0.0418
enhanced,gaussian_noise,2,19.24,bird,0.5245,0.1935
enhanced,gaussian_noise,2,19.24,dog,0.1444,0.0923
enhanced,gaussian_noise,2,19.24,horse,0.995,0.53
enhanced,gaussian_noise,2,19.24,elephant,0.995,0.2514
enhanced,gaussian_noise,2,19.24,zebra,0.995,0.995
enhanced,gaussian_noise,2,19.24,giraffe,0.8792,0.6995
enhanced,gaussian_noise,2,19.24,umbrella,0.245,0.245
enhanced,gaussian_noise,2,19.24,handbag,0.1809,0.0677
enhanced,gaussian_noise,2,19.24,skateboard,0.0,0.0
enhanced,gaussian_noise,2,19.24,bottle,0.2487,0.2239
enhanced,gaussian_noise,2,19.24,cup,0.2448,0.1197
enhanced,gaussian_noise,2,19.24,fork,0.5664,0.482
enhanced,gaussian_noise,2,19.24,knife,0.829,0.5504
enhanced,gaussian_noise,2,19.24,spoon,0.995,0.8955
enhanced,gaussian_noise,2,19.24,bowl,0.945,0.8203
enhanced,gaussian_noise,2,19.24,banana,0.3317,0.1327
enhanced,gaussian_noise,2,19.24,sandwich,0.199,0.1592
enhanced,gaussian_noise,2,19.24,orange,0.496,0.3383
enhanced,gaussian_noise,2,19.24,broccoli,0.995,0.995
enhanced,gaussian_noise,2,19.24,pizza,0.995,0.6965
enhanced,gaussian_noise,2,19.24,cake,0.3325,0.2861
enhanced,gaussian_noise,2,19.24,chair,0.3297,0.2206
enhanced,gaussian_noise,2,19.24,potted plant,0.4344,0.2948
enhanced,gaussian_noise,2,19.24,bed,0.4975,0.2985
enhanced,gaussian_noise,2,19.24,dining table,0.4843,0.2805
enhanced,gaussian_noise,2,19.24,microwave,0.0,0.0
enhanced,gaussian_noise,2,19.24,oven,0.2475,0.2475
enhanced,gaussian_noise,2,19.24,sink,0.3317,0.1658
enhanced,gaussian_noise,2,19.24,refrigerator,0.995,0.597
enhanced,gaussian_noise,2,19.24,book,0.5097,0.2653
enhanced,gaussian_noise,2,19.24,clock,0.9125,0.6851
enhanced,gaussian_noise,2,19.24,vase,0.121,0.1012
enhanced,gaussian_noise,2,19.24,teddy bear,0.0,0.0
enhanced,gaussian_noise,3,17.35,all,0.3876,0.2592
enhanced,gaussian_noise,3,17.35,person,0.4155,0.2495
enhanced,gaussian_noise,3,17.35,bicycle,0.4975,0.4477
enhanced,gaussian_noise,3,17.35,car,0.2046,0.0983
enhanced,gaussian_noise,3,17.35,motorcycle,0.6886,0.3642
enhanced,gaussian_noise,3,17.35,airplane,0.995,0.8955
enhanced,gaussian_noise,3,17.35,train,0.995,0.3731
enhanced,gaussian_noise,3,17.35,truck,0.1642,0.0205
enhanced,gaussian_noise,3,17.35,stop sign,0.0,0.0
enhanced,gaussian_noise,3,17.35,bench,0.0061,0.0031
enhanced,gaussian_noise,3,17.35,bird,0.3005,0.0908
enhanced,gaussian_noise,3,17.35,dog,0.3578,0.3487
enhanced,gaussian_noise,3,17.35,horse,0.995,0.4298
enhanced,gaussian_noise,3,17.35,elephant,0.055,0.0209
enhanced,gaussian_noise,3,17.35,zebra,0.995,0.995
enhanced,gaussian_noise,3,17.35,giraffe,0.5243,0.2971
enhanced,gaussian_noise,3,17.35,umbrella,0.245,0.2205
enhanced,gaussian_noise,3,17.35,handbag,0.0092,0.0073
enhanced,gaussian_noise,3,17.35,skateboard,0.0,0.0
enhanced,gaussian_noise,3,17.35,bottle,0.4975,0.4975
enhanced,gaussian_noise,3,17.35,cup,0.1623,0.0863
enhanced,gaussian_noise,3,17.35,fork,0.5273,0.4616
enhanced,gaussian_noise,3,17.35,knife,0.2418,0.1353
enhanced,gaussian_noise,3,17.35,spoon,0.1658,0.0995
enhanced,gaussian_noise,3,17.35,bowl,0.8075,0.7048
enhanced,gaussian_noise,3,17.35,banana,0.3317,0.0995
enhanced,gaussian_noise,3,17.35,sandwich,0.0995,0.0896
enhanced,gaussian_noise,3,17.35,orange,0.0,0.0
enhanced,gaussian_noise,3,17.35,broccoli,0.995,0.995
enhanced,gaussian_noise,3,17.35,pizza,0.995,0.6965
enhanced,gaussian_noise,3,17.35,cake,0.4433,0.399
enhanced,gaussian_noise,3,17.35,chair,0.0939,0.0704
enhanced,gaussian_noise,3,17.35,potted plant,0.0356,0.0165
enhanced,gaussian_noise,3,17.35,bed,0.0765,0.0536
enhanced,gaussian_noise,3,17.35,dining table,0.5493,0.3199
enhanced,gaussian_noise,3,17.35,microwave,0.0,0.0
enhanced,gaussian_noise,3,17.35,oven,0.0825,0.0436
enhanced,gaussian_noise,3,17.35,sink,0.1421,0.0853
enhanced,gaussian_noise,3,17.35,refrigerator,0.995,0.398
enhanced,gaussian_noise,3,17.35,book,0.495,0.1381
enhanced,gaussian_noise,3,17.35,clock,0.995,0.5753
enhanced,gaussian_noise,3,17.35,vase,0.0985,0.0593
enhanced,gaussian_noise,3,17.35,teddy bear,0.0,0.0
enhanced,gaussian_noise,4,15.11,all,0.2233,0.1429
enhanced,gaussian_noise,4,15.11,person,0.2052,0.1413
enhanced,gaussian_noise,4,15.11,bicycle,0.0,0.0
enhanced,gaussian_noise,4,15.11,car,0.0442,0.0274
enhanced,gaussian_noise,4,15.11,motorcycle,0.555,0.3107
enhanced,gaussian_noise,4,15.11,airplane,0.1658,0.0788
enhanced,gaussian_noise,4,15.11,train,0.995,0.398
enhanced,gaussian_noise,4,15.11,truck,0.0094,0.0038
enhanced,gaussian_noise,4,15.11,stop sign,0.0,0.0
enhanced,gaussian_noise,4,15.11,bench,0.0,0.0
enhanced,gaussian_noise,4,15.11,bird,0.021,0.0082
enhanced,gaussian_noise,4,15.11,dog,0.39,0.3198
enhanced,gaussian_noise,4,15.11,horse,0.3475,0.1439
enhanced,gaussian_noise,4,15.11,elephant,0.2475,0.0495
enhanced,gaussian_noise,4,15.11,zebra,0.995,0.995
enhanced,gaussian_noise,4,15.11,giraffe,0.2555,0.1447
enhanced,gaussian_noise,4,15.11,umbrella,0.245,0.196
enhanced,gaussian_noise,4,15.11,handbag,0.015,0.006
enhanced,gaussian_noise,4,15.11,skateboard,0.0,0.0
enhanced,gaussian_noise,4,15.11,bottle,0.1244,0.0995
enhanced,gaussian_noise,4,15.11,cup,0.065,0.026
enhanced,gaussian_noise,4,15.11,fork,0.2475,0.2228
enhanced,gaussian_noise,4,15.11,knife,0.0074,0.0037
enhanced,gaussian_noise,4,15.11,spoon,0.0,0.0
enhanced,gaussian_noise,4,15.11,bowl,0.6021,0.4848
enhanced,gaussian_noise,4,15.11,banana,0.1106,0.0111
enhanced,gaussian_noise,4,15.11,sandwich,0.0553,0.0166
enhanced,gaussian_noise,4,15.11,orange,0.0,0.0
enhanced,gaussian_noise,4,15.11,broccoli,0.995,0.796
enhanced,gaussian_noise,4,15.11,pizza,0.2487,0.0936
enhanced,gaussian_noise,4,15.11,cake,0.5,0.5
enhanced,gaussian_noise,4,15.11,chair,0.0275,0.0145
enhanced,gaussian_noise,4,15.11,potted plant,0.0,0.0
enhanced,gaussian_noise,4,15.11,bed,0.0498,0.0298
enhanced,gaussian_noise,4,15.11,dining table,0.3377,0.232
enhanced,gaussian_noise,4,15.11,microwave,0.0,0.0
enhanced,gaussian_noise,4,15.11,oven,0.0,0.0
enhanced,gaussian_noise,4,15.11,sink,0.1421,0.0711
enhanced,gaussian_noise,4,15.11,refrigerator,0.3317,0.1327
enhanced,gaussian_noise,4,15.11,book,0.049,0.0441
enhanced,gaussian_noise,4,15.11,clock,0.995,0.3986
enhanced,gaussian_noise,4,15.11,vase,0.0,0.0
enhanced,gaussian_noise,4,15.11,teddy bear,0.0,0.0
enhanced,salt_pepper,1,19.44,all,0.6945,0.5072
enhanced,salt_pepper,1,19.44,person,0.6793,0.4404
enhanced,salt_pepper,1,19.44,bicycle,0.995,0.8955
enhanced,salt_pepper,1,19.44,car,0.2798,0.1834
enhanced,salt_pepper,1,19.44,motorcycle,0.9125,0.5975
enhanced,salt_pepper,1,19.44,airplane,0.995,0.8955
enhanced,salt_pepper,1,19.44,train,0.995,0.3648
enhanced,salt_pepper,1,19.44,truck,0.495,0.3135
enhanced,salt_pepper,1,19.44,stop sign,0.995,0.3648
enhanced,salt_pepper,1,19.44,bench,0.4403,0.2397
enhanced,salt_pepper,1,19.44,bird,0.846,0.4717
enhanced,salt_pepper,1,19.44,dog,0.5082,0.4744
enhanced,salt_pepper,1,19.44,horse,0.995,0.696
enhanced,salt_pepper,1,19.44,elephant,0.995,0.546
enhanced,salt_pepper,1,19.44,zebra,0.995,0.995
enhanced,salt_pepper,1,19.44,giraffe,0.8483,0.6309
enhanced,salt_pepper,1,19.44,umbrella,0.3363,0.3026
enhanced,salt_pepper,1,19.44,handbag,0.1,0.0143
enhanced,salt_pepper,1,19.44,skateboard,0.335,0.1843
enhanced,salt_pepper,1,19.44,bottle,0.4975,0.4477
enhanced,salt_pepper,1,19.44,cup,0.1729,0.1279
enhanced,salt_pepper,1,19.44,fork,0.5506,0.4733
enhanced,salt_pepper,1,19.44,knife,0.875,0.6379
enhanced,salt_pepper,1,19.44,spoon,0.995,0.8955
enhanced,salt_pepper,1,19.44,bowl,0.995,0.7766
enhanced,salt_pepper,1,19.44,banana,0.0905,0.0334
enhanced,salt_pepper,1,19.44,sandwich,0.3317,0.2985
enhanced,salt_pepper,1,19.44,orange,0.87,0.4549
enhanced,salt_pepper,1,19.44,broccoli,0.995,0.995
enhanced,salt_pepper,1,19.44,pizza,0.995,0.796
enhanced,salt_pepper,1,19.44,cake,0.753,0.5919
enhanced,salt_pepper,1,19.44,chair,0.4277,0.3102
enhanced,salt_pepper,1,19.44,potted plant,0.7172,0.3832
enhanced,salt_pepper,1,19.44,bed,0.995,0.597
enhanced,salt_pepper,1,19.44,dining table,0.4472,0.3288
enhanced,salt_pepper,1,19.44,microwave,0.995,0.8955
enhanced,salt_pepper,1,19.44,oven,0.495,0.495
enhanced,salt_pepper,1,19.44,sink,0.995,0.6965
enhanced,salt_pepper,1,19.44,refrigerator,0.995,0.6965
enhanced,salt_pepper,1,19.44,book,0.6021,0.3405
enhanced,salt_pepper,1,19.44,clock,0.863,0.7371
enhanced,salt_pepper,1,19.44,vase,0.695,0.675
enhanced,salt_pepper,1,19.44,teddy bear,0.0765,0.0077
enhanced,salt_pepper,2,19.32,all,0.6815,0.5028
enhanced,salt_pepper,2,19.32,person,0.6722,0.4457
enhanced,salt_pepper,2,19.32,bicycle,0.995,0.8955
enhanced,salt_pepper,2,19.32,car,0.2737,0.1919
enhanced,salt_pepper,2,19.32,motorcycle,0.995,0.642
enhanced,salt_pepper,2,19.32,airplane,0.995,0.8955
enhanced,salt_pepper,2,19.32,train,0.995,0.3317
enhanced,salt_pepper,2,19.32,truck,0.345,0.2047
enhanced,salt_pepper,2,19.32,stop sign,0.4975,0.2653
enhanced,salt_pepper,2,19.32,bench,0.4636,0.2056
enhanced,salt_pepper,2,19.32,bird,0.832,0.5028
enhanced,salt_pepper,2,19.32,dog,0.5024,0.475
enhanced,salt_pepper,2,19.32,horse,0.995,0.696
enhanced,salt_pepper,2,19.32,elephant,0.995,0.4003
enhanced,salt_pepper,2,19.32,zebra,0.995,0.995
enhanced,salt_pepper,2,19.32,giraffe,0.855,0.648
enhanced,salt_pepper,2,19.32,umbrella,0.345,0.3105
enhanced,salt_pepper,2,19.32,handbag,0.1995,0.0268
enhanced,salt_pepper,2,19.32,skateboard,0.335,0.1675
enhanced,salt_pepper,2,19.32,bottle,0.2487,0.2239
enhanced,salt_pepper,2,19.32,cup,0.2073,0.1416
enhanced,salt_pepper,2,19.32,fork,0.535,0.4695
enhanced,salt_pepper,2,19.32,knife,0.8588,0.6364
enhanced,salt_pepper,2,19.32,spoon,0.995,0.8955
enhanced,salt_pepper,2,19.32,bowl,0.995,0.787
enhanced,salt_pepper,2,19.32,banana,0.0711,0.0257
enhanced,salt_pepper,2,19.32,sandwich,0.3317,0.2985
enhanced,salt_pepper,2,19.32,orange,0.9117,0.5923
enhanced,salt_pepper,2,19.32,broccoli,0.995,0.995
enhanced,salt_pepper,2,19.32,pizza,0.995,0.796
enhanced,salt_pepper,2,19.32,cake,0.731,0.5523
enhanced,salt_pepper,2,19.32,chair,0.5367,0.3128
enhanced,salt_pepper,2,19.32,potted plant,0.77,0.4453
enhanced,salt_pepper,2,19.32,bed,0.995,0.597
enhanced,salt_pepper,2,19.32,dining table,0.4376,0.3274
enhanced,salt_pepper,2,19.32,microwave,0.995,0.8955
enhanced,salt_pepper,2,19.32,oven,0.495,0.495
enhanced,salt_pepper,2,19.32,sink,0.995,0.796
enhanced,salt_pepper,2,19.32,refrigerator,0.995,0.6965
enhanced,salt_pepper,2,19.32,book,0.5783,0.3907
enhanced,salt_pepper,2,19.32,clock,0.995,0.8295
enhanced,salt_pepper,2,19.32,vase,0.62,0.6075
enhanced,salt_pepper,2,19.32,teddy bear,0.0474,0.0095
enhanced,salt_pepper,3,18.77,all,0.634,0.4876
enhanced,salt_pepper,3,18.77,person,0.6552,0.411
enhanced,salt_pepper,3,18.77,bicycle,0.995,0.8955
enhanced,salt_pepper,3,18.77,car,0.2878,0.2077
enhanced,salt_pepper,3,18.77,motorcycle,0.9125,0.606
enhanced,salt_pepper,3,18.77,airplane,0.995,0.8955
enhanced,salt_pepper,3,18.77,train,0.995,0.597
enhanced,salt_pepper,3,18.77,truck,0.345,0.2513
enhanced,salt_pepper,3,18.77,stop sign,0.4975,0.199
enhanced,salt_pepper,3,18.77,bench,0.2645,0.1481
enhanced,salt_pepper,3,18.77,bird,0.702,0.4902
enhanced,salt_pepper,3,18.77,dog,0.533,0.4967
enhanced,salt_pepper,3,18.77,horse,0.995,0.6712
enhanced,salt_pepper,3,18.77,elephant,0.8283,0.4058
enhanced,salt_pepper,3,18.77,zebra,0.995,0.995
enhanced,salt_pepper,3,18.77,giraffe,0.8412,0.6544
enhanced,salt_pepper,3,18.77,umbrella,0.3474,0.2978
enhanced,salt_pepper,3,18.77,handbag,0.165,0.0165
enhanced,salt_pepper,3,18.77,skateboard,0.1117,0.0893
enhanced,salt_pepper,3,18.77,bottle,0.2487,0.2239
enhanced,salt_pepper,3,18.77,cup,0.1789,0.1295
enhanced,salt_pepper,3,18.77,fork,0.5283,0.5183
enhanced,salt_pepper,3,18.77,knife,0.875,0.6064
enhanced,salt_pepper,3,18.77,spoon,0.995,0.8955
enhanced,salt_pepper,3,18.77,bowl,0.945,0.8053
enhanced,salt_pepper,3,18.77,banana,0.1106,0.0324
enhanced,salt_pepper,3,18.77,sandwich,0.3317,0.2985
enhanced,salt_pepper,3,18.77,orange,0.6879,0.4386
enhanced,salt_pepper,3,18.77,broccoli,0.995,0.995
enhanced,salt_pepper,3,18.77,pizza,0.995,0.796
enhanced,salt_pepper,3,18.77,cake,0.665,0.5472
enhanced,salt_pepper,3,18.77,chair,0.4311,0.2657
enhanced,salt_pepper,3,18.77,potted plant,0.6969,0.4024
enhanced,salt_pepper,3,18.77,bed,0.995,0.796
enhanced,salt_pepper,3,18.77,dining table,0.4493,0.3345
enhanced,salt_pepper,3,18.77,microwave,0.995,0.8955
enhanced,salt_pepper,3,18.77,oven,0.495,0.495
enhanced,salt_pepper,3,18.77,sink,0.4975,0.3483
enhanced,salt_pepper,3,18.77,refrigerator,0.995,0.6965
enhanced,salt_pepper,3,18.77,book,0.495,0.247
enhanced,salt_pepper,3,18.77,clock,0.863,0.7569
enhanced,salt_pepper,3,18.77,vase,0.695,0.6255
enhanced,salt_pepper,3,18.77,teddy bear,0.0,0.0
enhanced,salt_pepper,4,17.63,all,0.5169,0.3738
enhanced,salt_pepper,4,17.63,person,0.5737,0.3589
enhanced,salt_pepper,4,17.63,bicycle,0.3317,0.2322
enhanced,salt_pepper,4,17.63,car,0.2595,0.1286
enhanced,salt_pepper,4,17.63,motorcycle,0.7412,0.3315
enhanced,salt_pepper,4,17.63,airplane,0.995,0.8955
enhanced,salt_pepper,4,17.63,train,0.995,0.4975
enhanced,salt_pepper,4,17.63,truck,0.2566,0.1762
enhanced,salt_pepper,4,17.63,stop sign,0.199,0.0999
enhanced,salt_pepper,4,17.63,bench,0.0558,0.0362
enhanced,salt_pepper,4,17.63,bird,0.7481,0.4954
enhanced,salt_pepper,4,17.63,dog,0.467,0.401
enhanced,salt_pepper,4,17.63,horse,0.8283,0.5465
enhanced,salt_pepper,4,17.63,elephant,0.8283,0.3837
enhanced,salt_pepper,4,17.63,zebra,0.995,0.995
enhanced,salt_pepper,4,17.63,giraffe,0.775,0.4819
enhanced,salt_pepper,4,17.63,umbrella,0.245,0.1715
enhanced,salt_pepper,4,17.63,handbag,0.0585,0.0196
enhanced,salt_pepper,4,17.63,skateboard,0.067,0.0402
enhanced,salt_pepper,4,17.63,bottle,0.3317,0.2985
enhanced,salt_pepper,4,17.63,cup,0.1164,0.0944
enhanced,salt_pepper,4,17.63,fork,0.495,0.4455
enhanced,salt_pepper,4,17.63,knife,0.4951,0.3893
enhanced,salt_pepper,4,17.63,spoon,0.0255,0.023
enhanced,salt_pepper,4,17.63,bowl,0.8492,0.6266
enhanced,salt_pepper,4,17.63,banana,0.0905,0.028
enhanced,salt_pepper,4,17.63,sandwich,0.2487,0.2239
enhanced,salt_pepper,4,17.63,orange,0.3725,0.2602
enhanced,salt_pepper,4,17.63,broccoli,0.995,0.995
enhanced,salt_pepper,4,17.63,pizza,0.995,0.6965
enhanced,salt_pepper,4,17.63,cake,0.753,0.6777
enhanced,salt_pepper,4,17.63,chair,0.4392,0.2432
enhanced,salt_pepper,4,17.63,potted plant,0.495,0.2854
enhanced,salt_pepper,4,17.63,bed,0.995,0.6965
enhanced,salt_pepper,4,17.63,dining table,0.2853,0.2162
enhanced,salt_pepper,4,17.63,microwave,0.4975,0.4477
enhanced,salt_pepper,4,17.63,oven,0.2475,0.2475
enhanced,salt_pepper,4,17.63,sink,0.3317,0.1603
enhanced,salt_pepper,4,17.63,refrigerator,0.995,0.6965
enhanced,salt_pepper,4,17.63,book,0.495,0.2598
enhanced,salt_pepper,4,17.63,clock,0.995,0.725
enhanced,salt_pepper,4,17.63,vase,0.745,0.6705
enhanced,salt_pepper,4,17.63,teddy bear,0.0,0.0
enhanced,low_light,1,13.53,all,0.7336,0.5826
enhanced,low_light,1,13.53,person,0.7463,0.4841
enhanced,low_light,1,13.53,bicycle,0.995,0.8955
enhanced,low_light,1,13.53,car,0.3891,0.1981
enhanced,low_light,1,13.53,motorcycle,0.9125,0.6645
enhanced,low_light,1,13.53,airplane,0.995,0.995
enhanced,low_light,1,13.53,train,0.995,0.8955
enhanced,low_light,1,13.53,truck,0.5563,0.3395
enhanced,low_light,1,13.53,stop sign,0.3317,0.2985
enhanced,low_light,1,13.53,bench,0.6539,0.4066
enhanced,low_light,1,13.53,bird,0.8025,0.5251
enhanced,low_light,1,13.53,dog,0.83,0.7145
enhanced,low_light,1,13.53,horse,0.995,0.6955
enhanced,low_light,1,13.53,elephant,0.8283,0.5427
enhanced,low_light,1,13.53,zebra,0.995,0.995
enhanced,low_light,1,13.53,giraffe,0.896,0.7225
enhanced,low_light,1,13.53,umbrella,0.7492,0.474
enhanced,low_light,1,13.53,handbag,0.1268,0.0947
enhanced,low_light,1,13.53,skateboard,0.335,0.201
enhanced,low_light,1,13.53,bottle,0.995,0.8955
enhanced,low_light,1,13.53,cup,0.3011,0.1936
enhanced,low_light,1,13.53,fork,0.5236,0.5121
enhanced,low_light,1,13.53,knife,0.8753,0.6039
enhanced,low_light,1,13.53,spoon,0.995,0.8955
enhanced,low_light,1,13.53,bowl,0.995,0.8828
enhanced,low_light,1,13.53,banana,0.1106,0.0399
enhanced,low_light,1,13.53,sandwich,0.995,0.995
enhanced,low_light,1,13.53,orange,0.8075,0.5679
enhanced,low_light,1,13.53,broccoli,0.995,0.995
enhanced,low_light,1,13.53,pizza,0.995,0.796
enhanced,low_light,1,13.53,cake,0.995,0.8793
enhanced,low_light,1,13.53,chair,0.504,0.3051
enhanced,low_light,1,13.53,potted plant,0.8283,0.6287
enhanced,low_light,1,13.53,bed,0.995,0.796
enhanced,low_light,1,13.53,dining table,0.5181,0.3819
enhanced,low_light,1,13.53,microwave,0.1244,0.0498
enhanced,low_light,1,13.53,oven,0.495,0.495
enhanced,low_light,1,13.53,sink,0.995,0.6965
enhanced,low_light,1,13.53,refrigerator,0.995,0.6965
enhanced,low_light,1,13.53,book,0.8164,0.4526
enhanced,low_light,1,13.53,clock,0.9125,0.7633
enhanced,low_light,1,13.53,vase,0.8283,0.795
enhanced,low_light,1,13.53,teddy bear,0.0829,0.0083
enhanced,low_light,2,11.07,all,0.7135,0.5533
enhanced,low_light,2,11.07,person,0.7654,0.4607
enhanced,low_light,2,11.07,bicycle,0.995,0.8955
enhanced,low_light,2,11.07,car,0.3895,0.2161
enhanced,low_light,2,11.07,motorcycle,0.9125,0.5957
enhanced,low_light,2,11.07,airplane,0.995,0.8955
enhanced,low_light,2,11.07,train,0.995,0.995
enhanced,low_light,2,11.07,truck,0.5429,0.3399
enhanced,low_light,2,11.07,stop sign,0.4975,0.4477
enhanced,low_light,2,11.07,bench,0.6232,0.3854
enhanced,low_light,2,11.07,bird,0.8612,0.5777
enhanced,low_light,2,11.07,dog,0.9125,0.7145
enhanced,low_light,2,11.07,horse,0.995,0.6955
enhanced,low_light,2,11.07,elephant,0.6633,0.3643
enhanced,low_light,2,11.07,zebra,0.995,0.995
enhanced,low_light,2,11.07,giraffe,0.9489,0.735
enhanced,low_light,2,11.07,umbrella,0.5143,0.4337
enhanced,low_light,2,11.07,handbag,0.165,0.1485
enhanced,low_light,2,11.07,skateboard,0.335,0.201
enhanced,low_light,2,11.07,bottle,0.995,0.8955
enhanced,low_light,2,11.07,cup,0.2797,0.1806
enhanced,low_light,2,11.07,fork,0.495,0.495
enhanced,low_light,2,11.07,knife,0.8836,0.6478
enhanced,low_light,2,11.07,spoon,0.995,0.8955
enhanced,low_light,2,11.07,bowl,0.995,0.8079
enhanced,low_light,2,11.07,banana,0.1106,0.0373
enhanced,low_light,2,11.07,sandwich,0.995,0.8955
enhanced,low_light,2,11.07,orange,0.7807,0.5603
enhanced,low_light,2,11.07,broccoli,0.995,0.995
enhanced,low_light,2,11.07,pizza,0.995,0.4975
enhanced,low_light,2,11.07,cake,0.995,0.8295
enhanced,low_light,2,11.07,chair,0.4375,0.2962
enhanced,low_light,2,11.07,potted plant,0.8219,0.5281
enhanced,low_light,2,11.07,bed,0.995,0.796
enhanced,low_light,2,11.07,dining table,0.5478,0.3729
enhanced,low_light,2,11.07,microwave,0.0,0.0
enhanced,low_light,2,11.07,oven,0.495,0.495
enhanced,low_light,2,11.07,sink,0.4975,0.3483
enhanced,low_light,2,11.07,refrigerator,0.995,0.6965
enhanced,low_light,2,11.07,book,0.7879,0.3999
enhanced,low_light,2,11.07,clock,0.83,0.7056
enhanced,low_light,2,11.07,vase,0.8283,0.7455
enhanced,low_light,2,11.07,teddy bear,0.1106,0.0221
enhanced,low_light,3,6.91,all,0.6986,0.5425
enhanced,low_light,3,6.91,person,0.7154,0.4658
enhanced,low_light,3,6.91,bicycle,0.995,0.8955
enhanced,low_light,3,6.91,car,0.3727,0.2095
enhanced,low_light,3,6.91,motorcycle,0.995,0.6183
enhanced,low_light,3,6.91,airplane,0.995,0.8955
enhanced,low_light,3,6.91,train,0.995,0.995
enhanced,low_light,3,6.91,truck,0.5073,0.1788
enhanced,low_light,3,6.91,stop sign,0.995,0.8955
enhanced,low_light,3,6.91,bench,0.6379,0.4101
enhanced,low_light,3,6.91,bird,0.7579,0.5127
enhanced,low_light,3,6.91,dog,0.83,0.7145
enhanced,low_light,3,6.91,horse,0.995,0.6455
enhanced,low_light,3,6.91,elephant,0.995,0.4965
enhanced,low_light,3,6.91,zebra,0.995,0.995
enhanced,low_light,3,6.91,giraffe,0.8634,0.6847
enhanced,low_light,3,6.91,umbrella,0.6342,0.4652
enhanced,low_light,3,6.91,handbag,0.055,0.044
enhanced,low_light,3,6.91,skateboard,0.335,0.201
enhanced,low_light,3,6.91,bottle,0.4975,0.4975
enhanced,low_light,3,6.91,cup,0.2623,0.1515
enhanced,low_light,3,6.91,fork,0.5183,0.4973
enhanced,low_light,3,6.91,knife,0.8588,0.6742
enhanced,low_light,3,6.91,spoon,0.995,0.8955
enhanced,low_light,3,6.91,bowl,0.995,0.8103
enhanced,low_light,3,6.91,banana,0.0995,0.0334
enhanced,low_light,3,6.91,sandwich,0.1658,0.1327
enhanced,low_light,3,6.91,orange,0.6867,0.5049
enhanced,low_light,3,6.91,broccoli,0.995,0.995
enhanced,low_light,3,6.91,pizza,0.995,0.6965
enhanced,low_light,3,6.91,cake,0.995,0.8625
enhanced,low_light,3,6.91,chair,0.4213,0.2938
enhanced,low_light,3,6.91,potted plant,0.8117,0.6064
enhanced,low_light,3,6.91,bed,0.995,0.6965
enhanced,low_light,3,6.91,dining table,0.4585,0.3643
enhanced,low_light,3,6.91,microwave,0.0,0.0
enhanced,low_light,3,6.91,oven,0.495,0.495
enhanced,low_light,3,6.91,sink,0.995,0.6965
enhanced,low_light,3,6.91,refrigerator,0.995,0.6965
enhanced,low_light,3,6.91,book,0.5965,0.3497
enhanced,low_light,3,6.91,clock,0.9125,0.7468
enhanced,low_light,3,6.91,vase,0.8283,0.7455
enhanced,low_light,3,6.91,teddy bear,0.0995,0.0199
enhanced,low_light,4,3.26,all,0.5676,0.4306
enhanced,low_light,4,3.26,person,0.6322,0.4093
enhanced,low_light,4,3.26,bicycle,0.4975,0.4477
enhanced,low_light,4,3.26,car,0.3069,0.1837
enhanced,low_light,4,3.26,motorcycle,0.755,0.4911
enhanced,low_light,4,3.26,airplane,0.995,0.8955
enhanced,low_light,4,3.26,train,0.995,0.995
enhanced,low_light,4,3.26,truck,0.495,0.2592
enhanced,low_light,4,3.26,stop sign,0.995,0.796
enhanced,low_light,4,3.26,bench,0.2674,0.2017
enhanced,low_light,4,3.26,bird,0.6381,0.4208
enhanced,low_light,4,3.26,dog,0.753,0.566
enhanced,low_light,4,3.26,horse,0.995,0.7283
enhanced,low_light,4,3.26,elephant,0.4475,0.139
enhanced,low_light,4,3.26,zebra,0.995,0.995
enhanced,low_light,4,3.26,giraffe,0.7457,0.5245
enhanced,low_light,4,3.26,umbrella,0.4771,0.3741
enhanced,low_light,4,3.26,handbag,0.055,0.0495
enhanced,low_light,4,3.26,skateboard,0.0838,0.0372
enhanced,low_light,4,3.26,bottle,0.3317,0.3317
enhanced,low_light,4,3.26,cup,0.1483,0.1038
enhanced,low_light,4,3.26,fork,0.495,0.4455
enhanced,low_light,4,3.26,knife,0.7597,0.6135
enhanced,low_light,4,3.26,spoon,0.995,0.796
enhanced,low_light,4,3.26,bowl,0.6061,0.4543
enhanced,low_light,4,3.26,banana,0.0765,0.0343
enhanced,low_light,4,3.26,sandwich,0.2487,0.1741
enhanced,low_light,4,3.26,orange,0.099,0.0552
enhanced,low_light,4,3.26,broccoli,0.995,0.8955
enhanced,low_light,4,3.26,pizza,0.4975,0.199
enhanced,low_light,4,3.26,cake,0.6991,0.6019
enhanced,low_light,4,3.26,chair,0.3534,0.2507
enhanced,low_light,4,3.26,potted plant,0.5527,0.4063
enhanced,low_light,4,3.26,bed,0.995,0.6965
enhanced,low_light,4,3.26,dining table,0.3483,0.2289
enhanced,low_light,4,3.26,microwave,0.0,0.0
enhanced,low_light,4,3.26,oven,0.495,0.495
enhanced,low_light,4,3.26,sink,0.995,0.597
enhanced,low_light,4,3.26,refrigerator,0.995,0.6965
enhanced,low_light,4,3.26,book,0.6085,0.3013
enhanced,low_light,4,3.26,clock,0.753,0.5789
enhanced,low_light,4,3.26,vase,0.6633,0.6135
enhanced,low_light,4,3.26,teddy bear,0.0,0.0
enhanced,motion_blur,1,15.71,all,0.4419,0.3097
enhanced,motion_blur,1,15.71,person,0.3925,0.2592
enhanced,motion_blur,1,15.71,bicycle,0.995,0.796
enhanced,motion_blur,1,15.71,car,0.1185,0.0701
enhanced,motion_blur,1,15.71,motorcycle,0.067,0.067
enhanced,motion_blur,1,15.71,airplane,0.995,0.8955
enhanced,motion_blur,1,15.71,train,0.995,0.5473
enhanced,motion_blur,1,15.71,truck,0.2667,0.2357
enhanced,motion_blur,1,15.71,stop sign,0.995,0.597
enhanced,motion_blur,1,15.71,bench,0.0342,0.0165
enhanced,motion_blur,1,15.71,bird,0.3867,0.1351
enhanced,motion_blur,1,15.71,dog,0.445,0.3656
enhanced,motion_blur,1,15.71,horse,0.8283,0.2308
enhanced,motion_blur,1,15.71,elephant,0.0,0.0
enhanced,motion_blur,1,15.71,zebra,0.995,0.995
enhanced,motion_blur,1,15.71,giraffe,0.5134,0.2152
enhanced,motion_blur,1,15.71,umbrella,0.245,0.245
enhanced,motion_blur,1,15.71,handbag,0.0177,0.0018
enhanced,motion_blur,1,15.71,skateboard,0.0,0.0
enhanced,motion_blur,1,15.71,bottle,0.995,0.8955
enhanced,motion_blur,1,15.71,cup,0.135,0.087
enhanced,motion_blur,1,15.71,fork,0.495,0.4455
enhanced,motion_blur,1,15.71,knife,0.3137,0.1826
enhanced,motion_blur,1,15.71,spoon,0.995,0.8955
enhanced,motion_blur,1,15.71,bowl,0.8492,0.5893
enhanced,motion_blur,1,15.71,banana,0.0255,0.0077
enhanced,motion_blur,1,15.71,sandwich,0.3317,0.2653
enhanced,motion_blur,1,15.71,orange,0.5117,0.3094
enhanced,motion_blur,1,15.71,broccoli,0.995,0.398
enhanced,motion_blur,1,15.71,pizza,0.0,0.0
enhanced,motion_blur,1,15.71,cake,0.665,0.5985
enhanced,motion_blur,1,15.71,chair,0.2295,0.1441
enhanced,motion_blur,1,15.71,potted plant,0.4236,0.2235
enhanced,motion_blur,1,15.71,bed,0.2487,0.199
enhanced,motion_blur,1,15.71,dining table,0.2572,0.1902
enhanced,motion_blur,1,15.71,microwave,0.4975,0.2985
enhanced,motion_blur,1,15.71,oven,0.495,0.495
enhanced,motion_blur,1,15.71,sink,0.0,0.0
enhanced,motion_blur,1,15.71,refrigerator,0.4975,0.3483
enhanced,motion_blur,1,15.71,book,0.2272,0.1312
enhanced,motion_blur,1,15.71,clock,0.995,0.5545
enhanced,motion_blur,1,15.71,vase,0.088,0.0753
enhanced,motion_blur,1,15.71,teddy bear,0.0,0.0
enhanced,motion_blur,2,14.64,all,0.2011,0.1435
enhanced,motion_blur,2,14.64,person,0.1346,0.0829
enhanced,motion_blur,2,14.64,bicycle,0.995,0.796
enhanced,motion_blur,2,14.64,car,0.0913,0.0277
enhanced,motion_blur,2,14.64,motorcycle,0.0096,0.0096
enhanced,motion_blur,2,14.64,airplane,0.995,0.8955
enhanced,motion_blur,2,14.64,train,0.2487,0.0746
enhanced,motion_blur,2,14.64,truck,0.0,0.0
enhanced,motion_blur,2,14.64,stop sign,0.0,0.0
enhanced,motion_blur,2,14.64,bench,0.0027,0.0008
enhanced,motion_blur,2,14.64,bird,0.1228,0.0854
enhanced,motion_blur,2,14.64,dog,0.0305,0.0274
enhanced,motion_blur,2,14.64,horse,0.398,0.1371
enhanced,motion_blur,2,14.64,elephant,0.0,0.0
enhanced,motion_blur,2,14.64,zebra,0.995,0.995
enhanced,motion_blur,2,14.64,giraffe,0.2216,0.0877
enhanced,motion_blur,2,14.64,umbrella,0.245,0.196
enhanced,motion_blur,2,14.64,handbag,0.0,0.0
enhanced,motion_blur,2,14.64,skateboard,0.0,0.0
enhanced,motion_blur,2,14.64,bottle,0.1244,0.1119
enhanced,motion_blur,2,14.64,cup,0.065,0.0325
enhanced,motion_blur,2,14.64,fork,0.495,0.396
enhanced,motion_blur,2,14.64,knife,0.0417,0.025
enhanced,motion_blur,2,14.64,spoon,0.0,0.0
enhanced,motion_blur,2,14.64,bowl,0.3164,0.0754
enhanced,motion_blur,2,14.64,banana,0.0663,0.0265
enhanced,motion_blur,2,14.64,sandwich,0.995,0.796
enhanced,motion_blur,2,14.64,orange,0.198,0.1088
enhanced,motion_blur,2,14.64,broccoli,0.0,0.0
enhanced,motion_blur,2,14.64,pizza,0.0,0.0
enhanced,motion_blur,2,14.64,cake,0.0,0.0
enhanced,motion_blur,2,14.64,chair,0.0207,0.0138
enhanced,motion_blur,2,14.64,potted plant,0.2941,0.1074
enhanced,motion_blur,2,14.64,bed,0.2487,0.199
enhanced,motion_blur,2,14.64,dining table,0.1658,0.1217
enhanced,motion_blur,2,14.64,microwave,0.0,0.0
enhanced,motion_blur,2,14.64,oven,0.099,0.0891
enhanced,motion_blur,2,14.64,sink,0.0,0.0
enhanced,motion_blur,2,14.64,refrigerator,0.0995,0.0697
enhanced,motion_blur,2,14.64,book,0.0,0.0
enhanced,motion_blur,2,14.64,clock,0.7269,0.4406
enhanced,motion_blur,2,14.64,vase,0.0,0.0
enhanced,motion_blur,2,14.64,teddy bear,0.0,0.0
enhanced,motion_blur,3,13.33,all,0.1217,0.0864
enhanced,motion_blur,3,13.33,person,0.0834,0.04
enhanced,motion_blur,3,13.33,bicycle,0.0995,0.0498
enhanced,motion_blur,3,13.33,car,0.013,0.0026
enhanced,motion_blur,3,13.33,motorcycle,0.0073,0.0066
enhanced,motion_blur,3,13.33,airplane,0.995,0.8955
enhanced,motion_blur,3,13.33,train,0.0,0.0
enhanced,motion_blur,3,13.33,truck,0.0,0.0
enhanced,motion_blur,3,13.33,stop sign,0.0,0.0
enhanced,motion_blur,3,13.33,bench,0.0,0.0
enhanced,motion_blur,3,13.33,bird,0.0171,0.0076
enhanced,motion_blur,3,13.33,dog,0.0,0.0
enhanced,motion_blur,3,13.33,horse,0.0,0.0
enhanced,motion_blur,3,13.33,elephant,0.0,0.0
enhanced,motion_blur,3,13.33,zebra,0.995,0.8955
enhanced,motion_blur,3,13.33,giraffe,0.2261,0.0493
enhanced,motion_blur,3,13.33,umbrella,0.245,0.147
enhanced,motion_blur,3,13.33,handbag,0.0,0.0
enhanced,motion_blur,3,13.33,skateboard,0.0,0.0
enhanced,motion_blur,3,13.33,bottle,0.0311,0.0187
enhanced,motion_blur,3,13.33,cup,0.0,0.0
enhanced,motion_blur,3,13.33,fork,0.495,0.3465
enhanced,motion_blur,3,13.33,knife,0.0,0.0
enhanced,motion_blur,3,13.33,spoon,0.0,0.0
enhanced,motion_blur,3,13.33,bowl,0.0,0.0
enhanced,motion_blur,3,13.33,banana,0.0,0.0
enhanced,motion_blur,3,13.33,sandwich,0.995,0.597
enhanced,motion_blur,3,13.33,orange,0.0,0.0
enhanced,motion_blur,3,13.33,broccoli,0.0,0.0
enhanced,motion_blur,3,13.33,pizza,0.0,0.0
enhanced,motion_blur,3,13.33,cake,0.0,0.0
enhanced,motion_blur,3,13.33,chair,0.0055,0.0022
enhanced,motion_blur,3,13.33,potted plant,0.1225,0.098
enhanced,motion_blur,3,13.33,bed,0.2487,0.1741
enhanced,motion_blur,3,13.33,dining table,0.2047,0.1469
enhanced,motion_blur,3,13.33,microwave,0.0,0.0
enhanced,motion_blur,3,13.33,oven,0.2475,0.099
enhanced,motion_blur,3,13.33,sink,0.0,0.0
enhanced,motion_blur,3,13.33,refrigerator,0.0,0.0
enhanced,motion_blur,3,13.33,book,0.0,0.0
enhanced,motion_blur,3,13.33,clock,0.0793,0.0516
enhanced,motion_blur,3,13.33,vase,0.0,0.0
enhanced,motion_blur,3,13.33,teddy bear,0.0,0.0
enhanced,motion_blur,4,12.26,all,0.1175,0.0672
enhanced,motion_blur,4,12.26,person,0.0507,0.0144
enhanced,motion_blur,4,12.26,bicycle,0.0,0.0
enhanced,motion_blur,4,12.26,car,0.0034,0.0011
enhanced,motion_blur,4,12.26,motorcycle,0.0,0.0
enhanced,motion_blur,4,12.26,airplane,0.995,0.796
enhanced,motion_blur,4,12.26,train,0.0,0.0
enhanced,motion_blur,4,12.26,truck,0.0,0.0
enhanced,motion_blur,4,12.26,stop sign,0.0,0.0
enhanced,motion_blur,4,12.26,bench,0.0,0.0
enhanced,motion_blur,4,12.26,bird,0.0,0.0
enhanced,motion_blur,4,12.26,dog,0.0,0.0
enhanced,motion_blur,4,12.26,horse,0.0,0.0
enhanced,motion_blur,4,12.26,elephant,0.0,0.0
enhanced,motion_blur,4,12.26,zebra,0.995,0.8955
enhanced,motion_blur,4,12.26,giraffe,0.0951,0.0135
enhanced,motion_blur,4,12.26,umbrella,0.245,0.1225
enhanced,motion_blur,4,12.26,handbag,0.0,0.0
enhanced,motion_blur,4,12.26,skateboard,0.0,0.0
enhanced,motion_blur,4,12.26,bottle,0.0,0.0
enhanced,motion_blur,4,12.26,cup,0.0,0.0
enhanced,motion_blur,4,12.26,fork,0.0825,0.0385
enhanced,motion_blur,4,12.26,knife,0.0,0.0
enhanced,motion_blur,4,12.26,spoon,0.0,0.0
enhanced,motion_blur,4,12.26,bowl,0.0,0.0
enhanced,motion_blur,4,12.26,banana,0.995,0.1741
enhanced,motion_blur,4,12.26,sandwich,0.995,0.597
enhanced,motion_blur,4,12.26,orange,0.0,0.0
enhanced,motion_blur,4,12.26,broccoli,0.0,0.0
enhanced,motion_blur,4,12.26,pizza,0.0,0.0
enhanced,motion_blur,4,12.26,cake,0.1117,0.0447
enhanced,motion_blur,4,12.26,chair,0.0,0.0
enhanced,motion_blur,4,12.26,potted plant,0.0,0.0
enhanced,motion_blur,4,12.26,bed,0.0995,0.0697
enhanced,motion_blur,4,12.26,dining table,0.1821,0.0354
enhanced,motion_blur,4,12.26,microwave,0.0,0.0
enhanced,motion_blur,4,12.26,oven,0.0495,0.0099
enhanced,motion_blur,4,12.26,sink,0.0,0.0
enhanced,motion_blur,4,12.26,refrigerator,0.0,0.0
enhanced,motion_blur,4,12.26,book,0.0,0.0
enhanced,motion_blur,4,12.26,clock,0.035,0.0114
enhanced,motion_blur,4,12.26,vase,0.0,0.0
enhanced,motion_blur,4,12.26,teddy bear,0.0,0.0
